ts_iso,ts_unix,node,state,cpu_pct,temp_c,arm_mhz,throttled_hex,live_flags,past_flags,mem_avail_mb,load1,reconnects,cluster_status,tps,tps_source,event
2026-09-19T09:46:59.299383+00:00,1789811219.299,pi-node-1,connecting,,,,,,,,,0,,,none,
2026-09-19T09:46:59.299383+00:00,1789811219.299,pi-node-2,connecting,,,,,,,,,0,,,none,
2026-09-19T09:46:59.299383+00:00,1789811219.299,pi-node-3,connecting,,,,,,,,,0,,,none,
2026-09-19T09:46:59.299383+00:00,1789811219.299,pi-node-4,connecting,,,,,,,,,0,,,none,
2026-09-19T09:47:01.306349+00:00,1789811221.306,pi-node-1,ok,,51.0,2400,0x50000,,uv-past;thr-past,3776,0.00,0,,,none,
2026-09-19T09:47:01.306349+00:00,1789811221.306,pi-node-2,ok,,50.5,2400,0x0,,,3797,0.06,0,,,none,
2026-09-19T09:47:01.306349+00:00,1789811221.306,pi-node-3,ok,,40.6,2400,0x0,,,7766,0.00,0,,,none,
2026-09-19T09:47:01.306349+00:00,1789811221.306,pi-node-4,ok,,42.2,2400,0x0,,,3807,0.07,0,,,none,
2026-09-19T09:47:03.312151+00:00,1789811223.312,pi-node-1,ok,0.12,49.9,2400,0x50000,,uv-past;thr-past,3773,0.00,0,,,none,
2026-09-19T09:47:03.312151+00:00,1789811223.312,pi-node-2,ok,0.12,51.0,2400,0x0,,,3797,0.06,0,,,none,
2026-09-19T09:47:03.312151+00:00,1789811223.312,pi-node-3,ok,0.25,41.1,2400,0x0,,,7765,0.00,0,,,none,
2026-09-19T09:47:03.312151+00:00,1789811223.312,pi-node-4,ok,0.12,41.7,2400,0x0,,,3814,0.07,0,,,none,
2026-09-19T09:47:05.316423+00:00,1789811225.316,pi-node-1,ok,0.25,51.6,2400,0x50000,,uv-past;thr-past,3785,0.00,0,,,none,
2026-09-19T09:47:05.316423+00:00,1789811225.316,pi-node-2,ok,0.00,52.7,2400,0x0,,,3805,0.05,0,,,none,
2026-09-19T09:47:05.316423+00:00,1789811225.316,pi-node-3,ok,0.00,41.7,2400,0x0,,,7766,0.00,0,,,none,
2026-09-19T09:47:05.316423+00:00,1789811225.316,pi-node-4,ok,0.25,42.2,2400,0x0,,,3828,0.07,0,,,none,
2026-09-19T09:47:07.322097+00:00,1789811227.322,pi-node-1,ok,0.00,49.9,1500,0x50000,,uv-past;thr-past,3790,0.00,0,,,none,
2026-09-19T09:47:07.322097+00:00,1789811227.322,pi-node-2,ok,0.12,51.6,1500,0x0,,,3807,0.05,0,,,none,
2026-09-19T09:47:07.322097+00:00,1789811227.322,pi-node-3,ok,0.25,40.6,1500,0x0,,,7773,0.00,0,,,none,
2026-09-19T09:47:07.322097+00:00,1789811227.322,pi-node-4,ok,0.25,41.1,1500,0x0,,,3831,0.06,0,,,none,
2026-09-19T09:47:09.327946+00:00,1789811229.328,pi-node-1,ok,0.37,51.0,1500,0x50000,,uv-past;thr-past,3794,0.00,0,,,none,
2026-09-19T09:47:09.327946+00:00,1789811229.328,pi-node-2,ok,0.25,51.0,1500,0x0,,,3813,0.05,0,,,none,
2026-09-19T09:47:09.327946+00:00,1789811229.328,pi-node-3,ok,0.00,40.6,1500,0x0,,,7780,0.00,0,,,none,
2026-09-19T09:47:09.327946+00:00,1789811229.328,pi-node-4,ok,0.12,41.7,1500,0x0,,,3835,0.06,0,,,none,
2026-09-19T09:47:11.333812+00:00,1789811231.334,pi-node-1,ok,0.12,50.5,1500,0x50000,,uv-past;thr-past,3797,0.00,0,,,none,
2026-09-19T09:47:11.333812+00:00,1789811231.334,pi-node-2,ok,0.12,51.0,1500,0x0,,,3813,0.05,0,,,none,
2026-09-19T09:47:11.333812+00:00,1789811231.334,pi-node-3,ok,0.00,40.0,1500,0x0,,,7786,0.00,0,,,none,
2026-09-19T09:47:11.333812+00:00,1789811231.334,pi-node-4,ok,0.12,41.7,1500,0x0,,,3839,0.06,0,,,none,
2026-09-19T09:47:13.339918+00:00,1789811233.340,pi-node-1,ok,0.12,49.9,1500,0x50000,,uv-past;thr-past,3802,0.00,0,,,none,
2026-09-19T09:47:13.339918+00:00,1789811233.340,pi-node-2,ok,0.12,50.5,1500,0x0,,,3814,0.05,0,,,none,
2026-09-19T09:47:13.339918+00:00,1789811233.340,pi-node-3,ok,0.12,40.6,1500,0x0,,,7792,0.00,0,,,none,
2026-09-19T09:47:13.339918+00:00,1789811233.340,pi-node-4,ok,0.12,41.7,1500,0x0,,,3842,0.06,0,,,none,
2026-09-19T09:47:15.345862+00:00,1789811235.346,pi-node-1,ok,0.12,49.9,1500,0x50000,,uv-past;thr-past,3802,0.00,0,,,none,
2026-09-19T09:47:15.345862+00:00,1789811235.346,pi-node-2,ok,0.25,49.9,1500,0x0,,,3814,0.04,0,,,none,
2026-09-19T09:47:15.345862+00:00,1789811235.346,pi-node-3,ok,0.00,40.6,1500,0x0,,,7794,0.00,0,,,none,
2026-09-19T09:47:15.345862+00:00,1789811235.346,pi-node-4,ok,0.12,41.1,1500,0x0,,,3844,0.06,0,,,none,
2026-09-19T09:47:17.351604+00:00,1789811237.352,pi-node-1,ok,0.12,50.5,1500,0x50000,,uv-past;thr-past,3809,0.00,0,,,none,
2026-09-19T09:47:17.351604+00:00,1789811237.352,pi-node-2,ok,0.12,50.5,1500,0x0,,,3817,0.04,0,,,none,
2026-09-19T09:47:17.351604+00:00,1789811237.352,pi-node-3,ok,0.12,40.6,1500,0x0,,,7798,0.00,0,,,none,
2026-09-19T09:47:17.351604+00:00,1789811237.352,pi-node-4,ok,0.12,41.1,1500,0x0,,,3844,0.06,0,,,none,
2026-09-19T09:47:19.354930+00:00,1789811239.355,pi-node-1,ok,0.12,49.4,1500,0x50000,,uv-past;thr-past,3811,0.00,0,,,none,
2026-09-19T09:47:19.354930+00:00,1789811239.355,pi-node-2,ok,0.12,49.4,1500,0x0,,,3818,0.04,0,,,none,
2026-09-19T09:47:19.354930+00:00,1789811239.355,pi-node-3,ok,0.00,40.6,1500,0x0,,,7800,0.00,0,,,none,
2026-09-19T09:47:19.354930+00:00,1789811239.355,pi-node-4,ok,0.12,42.8,1500,0x0,,,3846,0.05,0,,,none,
2026-09-19T09:47:21.359790+00:00,1789811241.360,pi-node-1,ok,0.12,49.4,1500,0x50000,,uv-past;thr-past,3811,0.00,0,,,none,
2026-09-19T09:47:21.359790+00:00,1789811241.360,pi-node-2,ok,0.00,51.0,1500,0x0,,,3818,0.04,0,,,none,
2026-09-19T09:47:21.359790+00:00,1789811241.360,pi-node-3,ok,0.00,40.6,1500,0x0,,,7800,0.00,0,,,none,
2026-09-19T09:47:21.359790+00:00,1789811241.360,pi-node-4,ok,0.25,42.8,1500,0x0,,,3846,0.05,0,,,none,
2026-09-19T09:47:23.361284+00:00,1789811243.361,pi-node-1,ok,0.00,50.5,1500,0x50000,,uv-past;thr-past,3812,0.00,0,,,none,
2026-09-19T09:47:23.361284+00:00,1789811243.361,pi-node-2,ok,0.12,51.0,1500,0x0,,,3819,0.04,0,,,none,
2026-09-19T09:47:23.361284+00:00,1789811243.361,pi-node-3,ok,0.12,40.6,1500,0x0,,,7800,0.00,0,,,none,
2026-09-19T09:47:23.361284+00:00,1789811243.361,pi-node-4,ok,0.12,43.3,1500,0x0,,,3846,0.05,0,,,none,
2026-09-19T09:47:25.366974+00:00,1789811245.367,pi-node-1,ok,0.25,49.4,1500,0x50000,,uv-past;thr-past,3815,0.00,0,,,none,
2026-09-19T09:47:25.366974+00:00,1789811245.367,pi-node-2,ok,0.25,51.6,1500,0x0,,,3819,0.04,0,,,none,
2026-09-19T09:47:25.366974+00:00,1789811245.367,pi-node-3,ok,0.12,41.1,1500,0x0,,,7802,0.00,0,,,none,
2026-09-19T09:47:25.366974+00:00,1789811245.367,pi-node-4,ok,0.00,41.7,1500,0x0,,,3845,0.05,0,,,none,
2026-09-19T09:49:25.377073+00:00,1789811365.377,pi-node-1,connecting,,,,,,,,,0,,,none,
2026-09-19T09:49:25.377073+00:00,1789811365.377,pi-node-2,connecting,,,,,,,,,0,,,none,
2026-09-19T09:49:25.377073+00:00,1789811365.377,pi-node-3,connecting,,,,,,,,,0,,,none,
2026-09-19T09:49:25.377073+00:00,1789811365.377,pi-node-4,connecting,,,,,,,,,0,,,none,
2026-09-19T09:49:27.382913+00:00,1789811367.383,pi-node-1,connecting,,,,,,,,,1,,,none,
2026-09-19T09:49:27.382913+00:00,1789811367.383,pi-node-2,ok,,51.6,2400,0x0,,,3778,0.04,0,,,none,
2026-09-19T09:49:27.382913+00:00,1789811367.383,pi-node-3,ok,,42.2,2400,0x0,,,7772,0.00,0,,,none,
2026-09-19T09:49:27.382913+00:00,1789811367.383,pi-node-4,ok,,47.2,2400,0x0,,,3818,0.00,0,,,none,
2026-09-19T09:49:29.383909+00:00,1789811369.384,pi-node-1,ok,,52.1,2400,0x50000,,uv-past;thr-past,3787,0.01,1,,,none,
2026-09-19T09:49:29.383909+00:00,1789811369.384,pi-node-2,ok,0.12,51.0,2400,0x0,,,3777,0.04,0,,,none,
2026-09-19T09:49:29.383909+00:00,1789811369.384,pi-node-3,ok,0.12,41.7,2400,0x0,,,7772,0.00,0,,,none,
2026-09-19T09:49:29.383909+00:00,1789811369.384,pi-node-4,ok,0.37,45.5,2400,0x0,,,3817,0.00,0,,,none,
2026-09-19T09:49:31.385446+00:00,1789811371.385,pi-node-1,ok,0.25,52.7,2400,0x50000,,uv-past;thr-past,3787,0.01,1,,,none,
2026-09-19T09:49:31.385446+00:00,1789811371.385,pi-node-2,ok,0.12,51.0,2400,0x0,,,3784,0.04,0,,,none,
2026-09-19T09:49:31.385446+00:00,1789811371.385,pi-node-3,ok,0.12,41.1,2400,0x0,,,7775,0.00,0,,,none,
2026-09-19T09:49:31.385446+00:00,1789811371.385,pi-node-4,ok,0.25,46.6,2400,0x0,,,3823,0.00,0,,,none,
2026-09-19T09:49:33.389939+00:00,1789811373.390,pi-node-1,ok,0.12,53.8,2400,0x50000,,uv-past;thr-past,3792,0.01,1,,,none,
2026-09-19T09:49:33.389939+00:00,1789811373.390,pi-node-2,ok,0.12,51.6,1500,0x0,,,3789,0.04,0,,,none,
2026-09-19T09:49:33.389939+00:00,1789811373.390,pi-node-3,ok,0.00,41.1,1500,0x0,,,7782,0.08,0,,,none,
2026-09-19T09:49:33.389939+00:00,1789811373.390,pi-node-4,ok,0.12,45.0,1500,0x0,,,3829,0.00,0,,,none,
